customer_id,first_name,last_name,email,signup_date,city,country,segment,acquisition_channel
1,Ana,Sánchez,ana.sanchez1@mail.com,2026-06-30,Buenos Aires,Argentina,Retail,Instagram Ads
2,Florencia,Pérez,florencia.perez2@mail.com,2024-07-03,Ciudad de México,México,Retail,Instagram Ads
3,Carlos,Davis,carlos.davis3@mail.com,2025-01-12,,México,Retail,Email Marketing
4,María,Núñez,maria.nunez4@mail.com,2025-03-12,Rio de Janeiro,brasil,Retail,Referido
5,Milagros,Benítez,milagros.benitez5@mail.com,2026-06-18,Córdoba,Argentina,Retail,Google Ads
6,Sarah,Silva,sarah.silva6@mail.com,2026-05-23,Valparaíso,Chile,Retail,Orgánico/SEO
7,Jessica,García,jessica.garcia7@mail.com,2025-03-12,Bogotá,Colombia,Retail,Referido
8,Gael,Medina,gael.medina8@mail.com,2026-02-14,Rosario,Argentina,Retail,Facebook Ads
9,Amanda,Wilson,amanda.wilson9@mail.com,2026-05-03,Montevideo,Uruguay,Retail,Referido
10,Valentina,Castro,valentina.castro10@mail.com,2025-03-02,Bogotá,Colombia,Retail,Facebook Ads
11,Pedro,Williams,pedro.williams11@mail.com,2026-03-21,Bogotá,Colombia,Retail,Email Marketing
12,Florencia,Benítez,florencia.benitez12@mail.com,2026-01-19,Ciudad de México,México,Retail,Instagram Ads
13,Valeria,López,valeria.lopez13@mail.com,2024-11-04,Mendoza,Argentina,Retail,Referido
14,Milagros,Johnson,milagros.johnson14@mail.com,2025-02-13,Barcelona,España,Mayorista,Referido
15,Benjamín,Davis,benjamin.davis15@mail.com,2026-03-19,Asunción,Paraguay,Retail,Email Marketing
16,Daniela,Benítez,daniela.benitez16@mail.com,2024-11-30,Barcelona,España,Retail,Google Ads
17,Ana,Jones,ana.jones17@mail.com,2024-11-04,Valparaíso,Chile,Retail,Instagram Ads
18,Sofía,Castro,sofia.castro18@mail.com,2024-06-20,Madrid,España,Retail,Email Marketing
19,Diego,Acosta,diego.acosta19@mail.com,2025-02-02,Córdoba,ARGENTINA,Retail,Google Ads
20,Isabella,Brown,isabella.brown20@mail.com,2025-02-27,Santiago,Chile,Retail,Facebook Ads
21,Daniela,Ruiz,daniela.ruiz21@mail.com,2025-07-14,São Paulo,Brasil,Mayorista,Orgánico/SEO
22,Emiliano,Flores,emiliano.flores22@mail.com,2025-05-13,Rosario,argentina,Retail,Facebook Ads
23,Julieta,Martínez,julieta.martinez23@mail.com,2025-05-05,Córdoba,Argentina,Retail,Instagram Ads
24,Daniela,Anderson,daniela.anderson24@mail.com,2025-02-04,Madrid,España,Retail,Referido
25,Laura,Núñez,laura.nunez25@mail.com,2025-08-08,Lima,Perú,Retail,Referido
26,Pedro,García,pedro.garcia26@mail.com,2025-07-18,Córdoba,Arg.,Retail,Referido
27,Isabella,Núñez,isabella.nunez27@mail.com,2025-03-13,Santiago,Chile,Retail,Referido
28,Sebastián,García,,2026-03-30,Córdoba,Argentina,Mayorista,Referido
29,Emiliano,Álvarez,emiliano.alvarez29@mail.com,2025-10-11,Ciudad de México,México,Retail,Referido
30,Delfina,Benítez,delfina.benitez30@mail.com,2025-03-20,Miami,Estados Unidos,Retail,Orgánico/SEO
31,Thiago,Ruiz,thiago.ruiz31@mail.com,2025-01-09,São Paulo,Brasil,Mayorista,Facebook Ads
32,Federico,Brown,federico.brown32@mail.com,2025-11-26,Barcelona,España,Retail,Facebook Ads
33,Milagros,Martínez,milagros.martinez33@mail.com,2025-07-19,Montevideo,Uruguay,Retail,Facebook Ads
34,Gonzalo,Pérez,gonzalo.perez34@mail.com,2026-04-05,Ciudad de México,México,Retail,Facebook Ads
35,Antonella,Acosta,antonella.acosta35@mail.com,2025-07-11,Asunción,Paraguay,Retail,Orgánico/SEO
36,Valeria,Martínez,valeria.martinez36@mail.com,2025-09-13,Buenos Aires,Argentina,Retail,Facebook Ads
37,Isabella,Gómez,isabella.gomez37@mail.com,2025-02-06,Rosario,argentina,Retail,Instagram Ads
38,Laura,Wilson,laura.wilson38@mail.com,2026-04-11,São Paulo,Brasil,Retail,Instagram Ads
39,Thiago,Medina,thiago.medina39@mail.com,2026-02-10,São Paulo,brasil,Retail,Email Marketing
40,Mia,López,mia.lopez40@mail.com,2026-03-12,Rosario,Argentina,Retail,Email Marketing
41,Emma,Smith,emma.smith41@mail.com,2025-12-27,Ciudad de México,México,Retail,Google Ads
42,Sarah,Silva,sarah.silva42@mail.com,2025-08-15,La Plata,Argentina,Retail,Email Marketing
43,Valentina,Gómez,valentina.gomez43@mail.com,2026-04-30,Valparaíso,Chile,Retail,Google Ads
44,Gonzalo,Díaz,gonzalo.diaz44@mail.com,2024-11-14,Montevideo,Uruguay,Mayorista,Referido
45,Joaquín,Ortiz,joaquin.ortiz45@mail.com,2026-04-17,Ciudad de México,México,Retail,Referido
46,Delfina,Fernández,delfina.fernandez46@mail.com,2025-01-14,Madrid,España,Retail,Influencers
47,Jessica,Flores,jessica.flores47@mail.com,2024-06-25,Montevideo,Uruguay,Retail,Influencers
48,Miguel,Medina,miguel.medina48@mail.com,2026-03-19,Lima,Perú,Retail,Orgánico/SEO
49,Mateo,Sánchez,,2024-11-30,Asunción,Paraguay,Retail,Email Marketing
50,Victoria,Castro,victoria.castro50@mail.com,2026-02-11,Ciudad de México,mexico,Mayorista,Google Ads
51,Franco,González,franco.gonzalez51@mail.com,2025-12-04,Barcelona,España,Retail,Orgánico/SEO
52,Franco,Martínez,franco.martinez52@mail.com,2026-03-01,Rio de Janeiro,Brasil,Retail,Referido
53,Laura,Vega,laura.vega53@mail.com,2025-07-18,Rio de Janeiro,Brasil,Retail,Facebook Ads
54,Juan,Torres,juan.torres54@mail.com,2025-07-21,São Paulo,Brasil,Retail,Google Ads
55,Milagros,Castro,milagros.castro55@mail.com,2025-08-27,Miami,Estados Unidos,Retail,Instagram Ads
56,Andrés,Álvarez,andres.alvarez56@mail.com,2025-03-18,Rosario,Argentina,Retail,Orgánico/SEO
57,Emiliano,Aguirre,emiliano.aguirre57@mail.com,2024-12-21,Montevideo,Uruguay,Retail,Google Ads
58,David,Martínez,david.martinez58@mail.com,2025-07-30,Miami,Estados Unidos,Retail,Facebook Ads
59,Emiliano,Díaz,emiliano.diaz59@mail.com,2024-09-18,Buenos Aires,Argentina,Retail,Instagram Ads
60,Santiago,Wilson,santiago.wilson60@mail.com,2024-10-03,Montevideo,Uruguay,Retail,Referido
61,Sebastián,Castro,sebastian.castro61@mail.com,2026-02-18,Miami,Estados Unidos,Retail,Facebook Ads
62,Emma,Brown,emma.brown62@mail.com,2025-02-21,Miami,Estados Unidos,Retail,Referido
63,Ana,Acosta,ana.acosta63@mail.com,2025-08-25,Asunción,Paraguay,Retail,Email Marketing
64,Ashley,Davis,ashley.davis64@mail.com,2024-10-20,Rosario,Arg.,Retail,Influencers
65,Bruno,Davis,bruno.davis65@mail.com,2025-07-31,Miami,Estados Unidos,Retail,Referido
66,María,Rodríguez,maria.rodriguez66@mail.com,2025-10-02,Bogotá,Colombia,Retail,Email Marketing
67,Ashley,Vega,ashley.vega67@mail.com,2025-10-13,Montevideo,Uruguay,Retail,Influencers
68,Laura,Molina,laura.molina68@mail.com,2025-09-22,Santiago,Chile,Retail,Facebook Ads
69,Laura,Rodríguez,laura.rodriguez69@mail.com,2026-03-21,Rosario,Argentina,Retail,Referido
70,Gael,Johnson,gael.johnson70@mail.com,2025-05-12,Rio de Janeiro,Brasil,Retail,Influencers
71,Sarah,Pérez,sarah.perez71@mail.com,2024-06-20,Madrid,España,Retail,Google Ads
72,Pedro,Martínez,pedro.martinez72@mail.com,2024-07-02,Córdoba,Arg.,Mayorista,Instagram Ads
73,Laura,Sánchez,laura.sanchez73@mail.com,2025-09-20,Valparaíso,Chile,Retail,Referido
74,Carlos,Sánchez,carlos.sanchez74@mail.com,2025-04-15,Santiago,Chile,Retail,Google Ads
75,Delfina,Molina,delfina.molina75@mail.com,2024-08-17,Valparaíso,Chile,Retail,Referido
76,David,Sánchez,david.sanchez76@mail.com,2025-05-22,Córdoba,Arg.,Retail,Orgánico/SEO
77,Michael,Williams,michael.williams77@mail.com,2025-08-18,Mendoza,ARGENTINA,Mayorista,Orgánico/SEO
78,Daniela,Miller,daniela.miller78@mail.com,2026-02-21,Asunción,Paraguay,Retail,Facebook Ads
79,Michael,Taylor,michael.taylor79@mail.com,2025-04-27,Asunción,Paraguay,Retail,Referido
80,Paula,Acosta,paula.acosta80@mail.com,2026-01-05,Miami,EE.UU.,Retail,Influencers
81,Gael,Gómez,gael.gomez81@mail.com,2025-05-15,Asunción,Paraguay,Retail,Facebook Ads
82,Sofía,Miller,sofia.miller82@mail.com,2024-08-27,Valparaíso,Chile,Retail,Influencers
83,Pedro,Williams,pedro.williams83@mail.com,2024-06-18,Miami,Estados Unidos,Retail,Instagram Ads
84,Agustín,Brown,agustin.brown84@mail.com,2025-05-19,Barcelona,España,Retail,Orgánico/SEO
85,Ignacio,Medina,ignacio.medina85@mail.com,2025-02-13,São Paulo,Brasil,Retail,Orgánico/SEO
86,Valeria,Torres,valeria.torres86@mail.com,2025-01-08,Valparaíso,Chile,Retail,Email Marketing
87,Catalina,García,catalina.garcia87@mail.com,2025-03-31,Valparaíso,Chile,Retail,Instagram Ads
88,Santiago,Wilson,santiago.wilson88@mail.com,2026-05-16,São Paulo,Brasil,Mayorista,Orgánico/SEO
89,Josefina,Herrera,josefina.herrera89@mail.com,2025-10-04,Madrid,España,Retail,Instagram Ads
90,Jessica,Brown,jessica.brown90@mail.com,2024-08-06,Mendoza,Argentina,Retail,Google Ads
91,Lucas,Acosta,lucas.acosta91@mail.com,2025-12-24,Mendoza,Argentina,Retail,Facebook Ads
92,Delfina,Smith,delfina.smith92@mail.com,2025-04-01,Miami,Estados Unidos,Retail,Influencers
93,Andrés,García,andres.garcia93@mail.com,2026-03-03,Valparaíso,Chile,Retail,Orgánico/SEO
94,Emma,González,emma.gonzalez94@mail.com,2025-09-05,Ciudad de México,México,Retail,Influencers
95,María,Johnson,maria.johnson95@mail.com,2026-05-05,Rosario,Argentina,Retail,Email Marketing
96,Amanda,Ruiz,amanda.ruiz96@mail.com,2024-09-26,Ciudad de México,México,Retail,Orgánico/SEO
97,Emma,Aguirre,emma.aguirre97@mail.com,2025-08-24,São Paulo,Brazil,Retail,Orgánico/SEO
98,Facundo,Smith,facundo.smith98@mail.com,2026-02-03,Rosario,ARGENTINA,Retail,Influencers
99,Juan,Anderson,juan.anderson99@mail.com,2026-04-20,Buenos Aires,Argentina,Retail,Facebook Ads
100,Pedro,Smith,pedro.smith100@mail.com,2024-12-03,Asunción,Paraguay,Mayorista,Influencers
101,Lucas,Brown,lucas.brown101@mail.com,2025-07-24,Lima,Perú,Retail,Orgánico/SEO
102,Olivia,Williams,olivia.williams102@mail.com,2026-04-10,São Paulo,brasil,Mayorista,Referido
103,Antonella,Sánchez,antonella.sanchez103@mail.com,2025-11-09,Bogotá,Colombia,Retail,Google Ads
104,Olivia,López,olivia.lopez104@mail.com,2025-11-13,Valparaíso,chile,Retail,Referido
105,Sebastián,Romero,sebastian.romero105@mail.com,2025-08-23,São Paulo,Brasil,Retail,Influencers
106,Emiliano,Álvarez,emiliano.alvarez106@mail.com,2025-12-17,São Paulo,Brasil,Retail,Influencers
107,Ignacio,Sánchez,ignacio.sanchez107@mail.com,2025-10-24,La Plata,Argentina,Mayorista,Email Marketing
108,Carla,Acosta,carla.acosta108@mail.com,2025-12-17,Miami,Estados Unidos,Retail,Instagram Ads
109,Jessica,Martínez,jessica.martinez109@mail.com,2025-07-30,Asunción,Paraguay,Retail,Referido
110,Catalina,Aguirre,catalina.aguirre110@mail.com,2024-10-31,Madrid,España,Retail,Influencers
111,Florencia,Rojas,florencia.rojas111@mail.com,2025-04-26,Miami,Estados Unidos,Retail,Orgánico/SEO
112,Olivia,Fernández,olivia.fernandez112@mail.com,2025-09-28,Rio de Janeiro,Brasil,Retail,Referido
113,Pedro,Díaz,pedro.diaz113@mail.com,2024-07-08,Madrid,España,Retail,Facebook Ads
114,David,Smith,david.smith114@mail.com,2025-11-21,Mendoza,Argentina,Retail,Google Ads
115,Thiago,Martínez,thiago.martinez115@mail.com,2025-02-27,Madrid,España,Retail,Orgánico/SEO
116,Bruno,Davis,bruno.davis116@mail.com,2025-04-21,Bogotá,Colombia,Retail,Referido
117,Gonzalo,Martínez,gonzalo.martinez117@mail.com,2026-03-09,Montevideo,Uruguay,Retail,Email Marketing
118,Franco,García,franco.garcia118@mail.com,2025-08-29,Mendoza,Argentina,Retail,Email Marketing
119,Catalina,Gómez,catalina.gomez119@mail.com,2025-08-16,Lima,Perú,Retail,Facebook Ads
120,Joaquín,Álvarez,joaquin.alvarez120@mail.com,2024-08-20,Santiago,Chile,Retail,Influencers
121,Thiago,Flores,thiago.flores121@mail.com,2026-03-16,Miami,Estados Unidos,Retail,Email Marketing
122,Catalina,Davis,catalina.davis122@mail.com,2024-08-15,Santiago,Chile,Retail,Email Marketing
123,María,Benítez,maria.benitez123@mail.com,2025-04-06,Miami,Estados Unidos,Retail,Influencers
124,Victoria,Anderson,victoria.anderson124@mail.com,2026-05-18,São Paulo,Brasil,Retail,Referido
125,Juan,López,juan.lopez125@mail.com,2025-03-21,Madrid,España,Retail,Instagram Ads
126,Ana,Ruiz,ana.ruiz126@mail.com,2026-04-26,Asunción,Paraguay,Retail,Referido
127,Ana,García,ana.garcia127@mail.com,2025-04-13,Córdoba,Argentina,Retail,Google Ads
128,Antonella,Vega,antonella.vega128@mail.com,2024-12-23,Santiago,Chile,Retail,Facebook Ads
129,Nicolás,Álvarez,nicolas.alvarez129@mail.com,2025-10-07,Asunción,Paraguay,Mayorista,Email Marketing
130,Benjamín,Johnson,benjamin.johnson130@mail.com,2024-10-23,Rosario,Argentina,Retail,Instagram Ads
131,David,Wilson,david.wilson131@mail.com,2024-09-01,Lima,Perú,Retail,Google Ads
132,Agustín,Benítez,agustin.benitez132@mail.com,2026-03-16,Bogotá,Colombia,Mayorista,Google Ads
133,Gonzalo,Wilson,gonzalo.wilson133@mail.com,2026-02-15,Rio de Janeiro,Brasil,Retail,Google Ads
134,Pedro,Vega,pedro.vega134@mail.com,2024-10-22,Mendoza,ARGENTINA,Retail,Google Ads
135,Delfina,Johnson,delfina.johnson135@mail.com,2026-04-18,Lima,Perú,Mayorista,Orgánico/SEO
136,Andrés,Díaz,andres.diaz136@mail.com,2026-04-02,Ciudad de México,mexico,Retail,Influencers
137,Agustín,Ramírez,agustin.ramirez137@mail.com,2025-08-30,Miami,Estados Unidos,Mayorista,Referido
138,Ashley,Gómez,ashley.gomez138@mail.com,2025-07-13,Córdoba,ARGENTINA,Retail,Google Ads
139,Pedro,Rodríguez,pedro.rodriguez139@mail.com,2025-05-08,Córdoba,Argentina,Retail,Instagram Ads
140,Sebastián,Ramírez,sebastian.ramirez140@mail.com,2025-01-25,Valparaíso,Chile,Retail,Instagram Ads
141,Isabella,Davis,,2024-11-26,,Paraguay,Retail,Referido
142,John,Acosta,john.acosta142@mail.com,2024-06-17,Rio de Janeiro,Brasil,Retail,Google Ads
143,Carla,Smith,carla.smith143@mail.com,2025-11-08,Lima,Perú,Retail,Influencers
144,Valentina,Miller,valentina.miller144@mail.com,2025-09-13,São Paulo,Brasil,Retail,Google Ads
145,Juan,García,juan.garcia145@mail.com,2026-05-31,Madrid,España,Retail,Google Ads
146,Thiago,Martínez,thiago.martinez146@mail.com,2025-03-09,La Plata,Argentina,Retail,Facebook Ads
147,Rodrigo,Herrera,rodrigo.herrera147@mail.com,2025-10-31,Miami,Estados Unidos,Retail,Google Ads
148,James,Wilson,james.wilson148@mail.com,2025-08-15,Valparaíso,Chile,Retail,Instagram Ads
149,Daniela,García,daniela.garcia149@mail.com,2025-08-12,Rio de Janeiro,Brasil,Retail,Email Marketing
150,Camila,Pérez,camila.perez150@mail.com,2024-09-04,Rosario,Argentina,Retail,Orgánico/SEO
151,Federico,Wilson,federico.wilson151@mail.com,2026-04-18,Rio de Janeiro,Brasil,Retail,Email Marketing
152,Robert,López,robert.lopez152@mail.com,2026-02-05,São Paulo,Brasil,Retail,Google Ads
153,Julieta,García,julieta.garcia153@mail.com,2025-12-22,Lima,Perú,Retail,Referido
154,Franco,Wilson,franco.wilson154@mail.com,2026-02-14,,Argentina,Mayorista,Referido
155,Robert,Ortiz,robert.ortiz155@mail.com,2024-06-07,Lima,Perú,Retail,Instagram Ads
156,Thiago,Rodríguez,thiago.rodriguez156@mail.com,2025-11-26,Rosario,Argentina,Retail,Influencers
157,Miguel,Anderson,miguel.anderson157@mail.com,2024-07-24,Rosario,Arg.,Retail,Referido
158,Facundo,Smith,facundo.smith158@mail.com,2025-03-07,Ciudad de México,mexico,Retail,Facebook Ads
159,Federico,Williams,federico.williams159@mail.com,2026-04-15,Barcelona,España,Retail,Instagram Ads
160,Sofía,Ramírez,sofia.ramirez160@mail.com,2025-01-03,São Paulo,Brazil,Retail,Referido
161,Franco,Torres,franco.torres161@mail.com,2025-06-25,La Plata,Argentina,Retail,Instagram Ads
162,Camila,Molina,camila.molina162@mail.com,2025-08-21,Córdoba,Argentina,Retail,Google Ads
163,Carlos,Vega,carlos.vega163@mail.com,2024-09-26,São Paulo,Brasil,Retail,Email Marketing
164,María,Silva,maria.silva164@mail.com,2025-08-22,Rosario,Argentina,Retail,Instagram Ads
165,Andrés,Ortiz,andres.ortiz165@mail.com,2025-05-08,Montevideo,Uruguay,Retail,Google Ads
166,Lucía,Ruiz,lucia.ruiz166@mail.com,2025-05-26,Lima,Perú,Retail,Referido
167,Martina,Díaz,martina.diaz167@mail.com,2024-12-20,Asunción,Paraguay,Retail,Instagram Ads
168,Joaquín,Williams,joaquin.williams168@mail.com,2025-12-30,Miami,Estados Unidos,Retail,Influencers
169,Gonzalo,Castro,gonzalo.castro169@mail.com,2024-11-02,Rio de Janeiro,Brasil,Retail,Influencers
170,Victoria,Jones,victoria.jones170@mail.com,2025-04-14,Rosario,argentina,Retail,Google Ads
171,Gonzalo,Jones,gonzalo.jones171@mail.com,2025-09-17,Bogotá,Colombia,Retail,Referido
172,Robert,Anderson,robert.anderson172@mail.com,2025-04-26,Valparaíso,chile,Retail,Facebook Ads
173,Carlos,Pérez,carlos.perez173@mail.com,2026-03-24,Barcelona,España,Retail,Instagram Ads
174,Rodrigo,Miller,rodrigo.miller174@mail.com,2025-06-08,Santiago,Chile,Retail,Email Marketing
175,Santiago,Ortiz,santiago.ortiz175@mail.com,2025-05-04,Rosario,Argentina,Retail,Orgánico/SEO
176,Robert,Díaz,robert.diaz176@mail.com,2024-08-23,Rio de Janeiro,Brasil,Retail,Instagram Ads
177,Laura,Molina,laura.molina177@mail.com,2026-01-31,La Plata,Argentina,Retail,Google Ads
178,Michael,Romero,michael.romero178@mail.com,2024-09-04,,España,Retail,Influencers
179,Diego,Torres,diego.torres179@mail.com,2025-05-16,Valparaíso,chile,Mayorista,Influencers
180,David,García,,2025-12-05,Barcelona,España,Retail,Facebook Ads
181,Miguel,Romero,miguel.romero181@mail.com,2024-11-05,Bogotá,Colombia,Retail,Referido
182,Ashley,Álvarez,ashley.alvarez182@mail.com,2024-07-15,Miami,Estados Unidos,Retail,Orgánico/SEO
183,Valeria,Smith,valeria.smith183@mail.com,2025-11-29,Montevideo,Uruguay,Retail,Referido
184,Renata,Silva,renata.silva184@mail.com,2025-09-16,Miami,Estados Unidos,Retail,Referido
185,Michael,Ruiz,michael.ruiz185@mail.com,2025-02-12,La Plata,argentina,Retail,Influencers
186,Catalina,Pérez,catalina.perez186@mail.com,2025-03-07,Santiago,Chile,Retail,Facebook Ads
187,Julieta,Smith,julieta.smith187@mail.com,2024-06-28,Lima,Perú,Retail,Influencers
188,Lucas,Silva,lucas.silva188@mail.com,2024-06-29,Montevideo,Uruguay,Retail,Google Ads
189,John,Díaz,john.diaz189@mail.com,2024-07-10,La Plata,Argentina,Retail,Referido
190,Carla,Smith,carla.smith190@mail.com,2024-08-21,Buenos Aires,Argentina,Retail,Instagram Ads
191,Rodrigo,Núñez,rodrigo.nunez191@mail.com,2025-03-23,Mendoza,Argentina,Retail,Google Ads
192,Ignacio,Martínez,ignacio.martinez192@mail.com,2025-10-25,Mendoza,Argentina,Retail,Google Ads
193,Catalina,Núñez,catalina.nunez193@mail.com,2026-02-20,Buenos Aires,Argentina,Retail,Facebook Ads
194,Camila,Miller,camila.miller194@mail.com,2025-11-02,Barcelona,España,Retail,Influencers
195,Delfina,Silva,delfina.silva195@mail.com,2024-06-17,Asunción,Paraguay,Retail,Google Ads
196,Ana,García,ana.garcia196@mail.com,2024-10-15,Rio de Janeiro,Brasil,Retail,Facebook Ads
197,Juan,Johnson,juan.johnson197@mail.com,2026-03-09,Madrid,España,Retail,Instagram Ads
198,Ignacio,Fernández,ignacio.fernandez198@mail.com,2024-12-24,São Paulo,brasil,Retail,Instagram Ads
199,Michael,Davis,michael.davis199@mail.com,2025-02-15,Madrid,España,Retail,Orgánico/SEO
200,Miguel,López,miguel.lopez200@mail.com,2025-03-07,Rio de Janeiro,Brasil,Retail,Email Marketing
201,Delfina,Ortiz,delfina.ortiz201@mail.com,2025-10-22,Santiago,Chile,Retail,Email Marketing
202,Daniela,Núñez,daniela.nunez202@mail.com,2025-08-15,Rosario,Argentina,Retail,Referido
203,Laura,Herrera,laura.herrera203@mail.com,2025-08-31,São Paulo,Brasil,Retail,Influencers
204,Daniela,Gómez,daniela.gomez204@mail.com,2025-03-09,Ciudad de México,México,Retail,Referido
205,Agustín,Jones,agustin.jones205@mail.com,2024-07-02,Santiago,Chile,Retail,Facebook Ads
206,Miguel,Silva,miguel.silva206@mail.com,2025-06-28,Lima,Perú,Mayorista,Google Ads
207,Agustín,Silva,agustin.silva207@mail.com,2024-08-18,Miami,Estados Unidos,Retail,Facebook Ads
208,Mateo,Torres,mateo.torres208@mail.com,2025-11-13,Madrid,España,Retail,Facebook Ads
209,Carlos,Smith,carlos.smith209@mail.com,2026-02-17,Valparaíso,Chile,Retail,Influencers
210,Ashley,Smith,ashley.smith210@mail.com,2026-04-30,Rosario,Argentina,Mayorista,Email Marketing
211,Catalina,Aguirre,catalina.aguirre211@mail.com,2026-05-30,Santiago,Chile,Retail,Orgánico/SEO
212,Benjamín,Ruiz,benjamin.ruiz212@mail.com,2025-01-29,La Plata,Argentina,Retail,Google Ads
213,Sebastián,Romero,sebastian.romero213@mail.com,2024-08-07,Rosario,Argentina,Retail,Orgánico/SEO
214,Michael,Anderson,michael.anderson214@mail.com,2024-10-07,Rosario,Argentina,Mayorista,Orgánico/SEO
215,Isabella,Wilson,isabella.wilson215@mail.com,2024-10-11,Santiago,Chile,Retail,Referido
216,Emma,Castro,emma.castro216@mail.com,2025-05-21,Montevideo,Uruguay,Mayorista,Facebook Ads
217,Mia,Ruiz,mia.ruiz217@mail.com,2024-10-07,Asunción,Paraguay,Retail,Facebook Ads
218,Emma,Taylor,emma.taylor218@mail.com,2024-11-23,La Plata,Argentina,Retail,Orgánico/SEO
219,Valentina,Rodríguez,valentina.rodriguez219@mail.com,2024-07-17,Rosario,Argentina,Mayorista,Referido
220,Olivia,Rodríguez,olivia.rodriguez220@mail.com,2026-03-05,Madrid,España,Retail,Orgánico/SEO
221,Emily,Molina,emily.molina221@mail.com,2025-09-08,São Paulo,Brasil,Retail,Google Ads
222,Bruno,Díaz,bruno.diaz222@mail.com,2026-06-06,Rio de Janeiro,Brasil,Retail,Referido
223,Lucía,Wilson,lucia.wilson223@mail.com,2025-04-23,Mendoza,Argentina,Retail,Google Ads
224,Delfina,Vega,delfina.vega224@mail.com,2024-11-11,Montevideo,Uruguay,Retail,Facebook Ads
225,Emma,Williams,emma.williams225@mail.com,2025-09-22,Barcelona,España,Retail,Email Marketing
226,Tomás,Jones,tomas.jones226@mail.com,2025-02-02,Miami,Estados Unidos,Retail,Email Marketing
227,Sarah,Brown,sarah.brown227@mail.com,2025-12-02,São Paulo,Brasil,Retail,Google Ads
228,Valeria,Molina,valeria.molina228@mail.com,2024-07-17,Lima,Perú,Retail,Facebook Ads
229,Catalina,Martínez,catalina.martinez229@mail.com,2025-10-30,Bogotá,Colombia,Retail,Facebook Ads
230,Juan,Sánchez,juan.sanchez230@mail.com,2024-09-08,La Plata,Argentina,Retail,Referido
231,Thiago,Ruiz,,2025-07-17,Barcelona,España,Retail,Google Ads
232,Emily,Brown,emily.brown232@mail.com,2025-09-11,Barcelona,España,Retail,Facebook Ads
233,Antonella,Álvarez,antonella.alvarez233@mail.com,2026-02-22,Bogotá,Colombia,Retail,Email Marketing
234,Lucía,Davis,lucia.davis234@mail.com,2026-05-27,Madrid,España,Retail,Influencers
235,Juan,Sánchez,juan.sanchez235@mail.com,2026-01-19,Ciudad de México,México,Retail,Orgánico/SEO
236,Mia,Taylor,mia.taylor236@mail.com,2026-06-09,Montevideo,Uruguay,Retail,Influencers
237,Gonzalo,Rojas,gonzalo.rojas237@mail.com,2026-04-29,La Plata,Argentina,Retail,Facebook Ads
238,Olivia,Díaz,olivia.diaz238@mail.com,2026-05-09,Ciudad de México,México,Retail,Facebook Ads
239,Andrés,López,andres.lopez239@mail.com,2025-11-14,La Plata,Argentina,Retail,Email Marketing
240,Joaquín,Johnson,joaquin.johnson240@mail.com,2025-12-12,Rio de Janeiro,Brasil,Retail,Referido
241,Mia,Brown,mia.brown241@mail.com,2025-02-08,Valparaíso,chile,Retail,Email Marketing
242,Carlos,Ramírez,carlos.ramirez242@mail.com,2025-04-21,Madrid,España,Retail,Facebook Ads
243,Nicolás,Herrera,nicolas.herrera243@mail.com,2026-01-09,Mendoza,ARGENTINA,Retail,Influencers
244,Catalina,Fernández,catalina.fernandez244@mail.com,2026-06-02,São Paulo,Brazil,Retail,Influencers
245,Nicolás,Wilson,nicolas.wilson245@mail.com,2024-10-19,Asunción,Paraguay,Retail,Orgánico/SEO
246,Laura,Miller,laura.miller246@mail.com,2026-03-16,Montevideo,Uruguay,Retail,Google Ads
247,Martina,Romero,martina.romero247@mail.com,2025-12-16,Buenos Aires,Argentina,Mayorista,Instagram Ads
248,Carla,Ruiz,carla.ruiz248@mail.com,2025-04-25,São Paulo,Brasil,Retail,Google Ads
249,Florencia,Fernández,florencia.fernandez249@mail.com,2025-08-02,Santiago,Chile,Retail,Instagram Ads
250,John,Williams,john.williams250@mail.com,2025-03-24,Santiago,Chile,Retail,Google Ads
251,Bruno,Herrera,bruno.herrera251@mail.com,2026-03-19,Miami,Estados Unidos,Retail,Influencers
252,Nicolás,Ruiz,nicolas.ruiz252@mail.com,2025-05-05,Mendoza,Argentina,Retail,Influencers
253,John,Herrera,john.herrera253@mail.com,2024-11-27,Valparaíso,Chile,Retail,Orgánico/SEO
254,Lucas,Molina,lucas.molina254@mail.com,2024-12-07,Mendoza,ARGENTINA,Mayorista,Influencers
255,Paula,Medina,,2025-04-06,Rio de Janeiro,Brasil,Retail,Facebook Ads
256,Santiago,Sánchez,santiago.sanchez256@mail.com,2025-04-11,Miami,Estados Unidos,Retail,Orgánico/SEO
257,Diego,Sánchez,diego.sanchez257@mail.com,2025-06-12,São Paulo,Brasil,Retail,Instagram Ads
258,Milagros,Silva,milagros.silva258@mail.com,2026-05-20,Ciudad de México,México,Retail,Influencers
259,Valeria,Acosta,valeria.acosta259@mail.com,2025-11-21,Rosario,ARGENTINA,Retail,Orgánico/SEO
260,Josefina,Davis,josefina.davis260@mail.com,2024-11-16,La Plata,Argentina,Retail,Facebook Ads
261,Facundo,Pérez,facundo.perez261@mail.com,2025-08-31,Barcelona,España,Retail,Influencers
262,Josefina,López,,2026-04-20,Miami,USA,Retail,Orgánico/SEO
263,Federico,Martínez,federico.martinez263@mail.com,2025-08-08,Córdoba,Argentina,Retail,Google Ads
264,Amanda,Brown,amanda.brown264@mail.com,2025-03-21,Córdoba,Argentina,Retail,Referido
265,Olivia,Silva,olivia.silva265@mail.com,2025-09-03,Bogotá,Colombia,Retail,Influencers
266,Laura,Davis,laura.davis266@mail.com,2026-04-01,La Plata,Argentina,Retail,Google Ads
267,Daniela,Flores,daniela.flores267@mail.com,2024-06-24,Buenos Aires,Argentina,Mayorista,Influencers
268,Michael,Flores,michael.flores268@mail.com,2025-09-15,Montevideo,Uruguay,Retail,Email Marketing
269,Valeria,Sánchez,valeria.sanchez269@mail.com,2026-04-08,Córdoba,argentina,Retail,Referido
270,Martina,Fernández,martina.fernandez270@mail.com,2026-02-03,Miami,Estados Unidos,Retail,Referido
271,Julieta,Davis,julieta.davis271@mail.com,2024-07-28,Valparaíso,Chile,Retail,Email Marketing
272,Josefina,Castro,josefina.castro272@mail.com,2025-04-06,Montevideo,Uruguay,Retail,Orgánico/SEO
273,Nicolás,López,nicolas.lopez273@mail.com,2026-03-04,Santiago,Chile,Retail,Facebook Ads
274,Laura,Rojas,laura.rojas274@mail.com,2025-04-23,Barcelona,España,Retail,Influencers
275,Valeria,Davis,valeria.davis275@mail.com,2025-02-02,Madrid,España,Retail,Email Marketing
276,Ignacio,López,ignacio.lopez276@mail.com,2025-08-01,Ciudad de México,México,Retail,Instagram Ads
277,Amanda,Smith,amanda.smith277@mail.com,2024-09-03,Lima,Perú,Retail,Referido
278,Juan,Fernández,juan.fernandez278@mail.com,2024-12-10,Rosario,Argentina,Retail,Facebook Ads
279,Jessica,Ortiz,jessica.ortiz279@mail.com,2024-06-16,São Paulo,Brasil,Retail,Instagram Ads
280,Carla,Acosta,carla.acosta280@mail.com,2025-07-12,Valparaíso,Chile,Retail,Facebook Ads
281,Pedro,Gómez,pedro.gomez281@mail.com,2025-02-23,São Paulo,Brasil,Retail,Influencers
282,Valeria,Castro,valeria.castro282@mail.com,2025-06-15,Valparaíso,chile,Retail,Google Ads
283,Sebastián,Taylor,sebastian.taylor283@mail.com,2025-03-30,Ciudad de México,mexico,Retail,Email Marketing
284,Pedro,Ortiz,pedro.ortiz284@mail.com,2025-10-14,Asunción,Paraguay,Mayorista,Orgánico/SEO
285,Daniela,Gómez,daniela.gomez285@mail.com,2024-10-22,Santiago,Chile,Retail,Influencers
286,Santiago,Miller,santiago.miller286@mail.com,2024-08-16,,ARGENTINA,Mayorista,Orgánico/SEO
287,Camila,Díaz,camila.diaz287@mail.com,2025-01-10,Buenos Aires,Argentina,Retail,Email Marketing
288,Robert,Brown,robert.brown288@mail.com,2024-06-17,,España,Retail,Facebook Ads
289,Daniela,Medina,daniela.medina289@mail.com,2024-06-18,São Paulo,Brasil,Retail,Orgánico/SEO
290,Martina,García,martina.garcia290@mail.com,2024-10-31,Barcelona,España,Retail,Facebook Ads
291,Nicolás,Molina,nicolas.molina291@mail.com,2025-06-18,Rosario,argentina,Mayorista,Influencers
292,Pedro,Fernández,pedro.fernandez292@mail.com,2025-07-21,Rosario,Argentina,Retail,Facebook Ads
293,Lucas,Williams,lucas.williams293@mail.com,2026-03-23,Ciudad de México,México,Retail,Facebook Ads
294,Robert,Fernández,robert.fernandez294@mail.com,2025-01-03,Montevideo,Uruguay,Retail,Orgánico/SEO
295,Valentina,Martínez,valentina.martinez295@mail.com,2025-12-09,Asunción,Paraguay,Retail,Google Ads
296,Mateo,Ramírez,mateo.ramirez296@mail.com,2026-05-31,La Plata,Argentina,Retail,Google Ads
297,David,Rojas,david.rojas297@mail.com,2025-06-29,Rio de Janeiro,Brazil,Retail,Instagram Ads
298,Victoria,López,victoria.lopez298@mail.com,2025-08-22,Mendoza,Argentina,Retail,Google Ads
299,Tomás,Castro,tomas.castro299@mail.com,2026-03-12,Buenos Aires,Argentina,Retail,Influencers
300,Franco,Torres,franco.torres300@mail.com,2024-08-27,Bogotá,Colombia,Retail,Email Marketing
301,Lucas,Medina,lucas.medina301@mail.com,2025-06-25,La Plata,Argentina,Retail,Orgánico/SEO
302,Lucas,González,lucas.gonzalez302@mail.com,2025-08-30,São Paulo,Brasil,Retail,Email Marketing
303,Sebastián,Wilson,sebastian.wilson303@mail.com,2025-07-23,Barcelona,España,Retail,Google Ads
304,Milagros,Castro,milagros.castro304@mail.com,2024-06-13,Bogotá,Colombia,Retail,Influencers
305,Sebastián,Acosta,sebastian.acosta305@mail.com,2024-11-21,Barcelona,España,Retail,Instagram Ads
306,Facundo,Díaz,facundo.diaz306@mail.com,2024-11-19,Rosario,Argentina,Retail,Influencers
307,Emiliano,Williams,,2025-09-12,Valparaíso,Chile,Retail,Email Marketing
308,Delfina,Ortiz,delfina.ortiz308@mail.com,2025-05-09,Miami,estados unidos,Retail,Referido
309,Milagros,Ruiz,milagros.ruiz309@mail.com,2025-04-18,Madrid,España,Retail,Influencers
310,María,Williams,maria.williams310@mail.com,2025-04-30,Montevideo,Uruguay,Retail,Referido
311,Amanda,Anderson,amanda.anderson311@mail.com,2026-01-28,Valparaíso,Chile,Mayorista,Instagram Ads
312,Ignacio,Ramírez,ignacio.ramirez312@mail.com,2025-03-26,Miami,Estados Unidos,Retail,Google Ads
313,Facundo,Romero,facundo.romero313@mail.com,2025-02-03,São Paulo,Brazil,Retail,Instagram Ads
314,Carla,Taylor,carla.taylor314@mail.com,2025-11-30,Bogotá,Colombia,Retail,Referido
315,John,Silva,john.silva315@mail.com,2024-09-20,Rosario,Argentina,Retail,Orgánico/SEO
316,Josefina,Molina,josefina.molina316@mail.com,2025-08-15,Rio de Janeiro,Brasil,Retail,Google Ads
317,Federico,Anderson,federico.anderson317@mail.com,2025-08-31,Montevideo,Uruguay,Retail,Influencers
318,Lucía,Díaz,lucia.diaz318@mail.com,2024-06-26,Lima,Perú,Retail,Email Marketing
319,Benjamín,Díaz,benjamin.diaz319@mail.com,2025-04-16,Lima,Perú,Retail,Referido
320,Carla,García,carla.garcia320@mail.com,2026-06-10,Miami,Estados Unidos,Retail,Email Marketing
321,Mateo,Ortiz,mateo.ortiz321@mail.com,2026-04-25,Mendoza,Arg.,Retail,Orgánico/SEO
322,Ignacio,Flores,ignacio.flores322@mail.com,2026-03-07,Bogotá,Colombia,Retail,Orgánico/SEO
323,Andrés,Ruiz,andres.ruiz323@mail.com,2026-01-28,Miami,Estados Unidos,Retail,Google Ads
324,Emily,Martínez,emily.martinez324@mail.com,2025-12-02,Mendoza,Argentina,Retail,Email Marketing
325,Facundo,Miller,facundo.miller325@mail.com,2026-02-02,Rio de Janeiro,Brasil,Retail,Influencers
326,Gonzalo,Torres,gonzalo.torres326@mail.com,2026-02-20,São Paulo,Brasil,Retail,Orgánico/SEO
327,Agustín,Díaz,agustin.diaz327@mail.com,2025-07-03,Barcelona,España,Retail,Instagram Ads
328,Facundo,Davis,facundo.davis328@mail.com,2025-12-21,Santiago,Chile,Retail,Email Marketing
329,Santiago,Gómez,santiago.gomez329@mail.com,2025-10-10,Buenos Aires,Argentina,Retail,Referido
330,Olivia,Williams,olivia.williams330@mail.com,2026-05-29,Ciudad de México,México,Retail,Influencers
331,Julieta,Herrera,julieta.herrera331@mail.com,2025-03-09,Córdoba,Argentina,Retail,Email Marketing
332,Miguel,Williams,miguel.williams332@mail.com,2024-09-24,Barcelona,España,Retail,Email Marketing
333,Agustín,Davis,agustin.davis333@mail.com,2026-06-07,Córdoba,Argentina,Retail,Instagram Ads
334,Valeria,Acosta,valeria.acosta334@mail.com,2024-07-04,São Paulo,Brasil,Retail,Email Marketing
335,Benjamín,Acosta,benjamin.acosta335@mail.com,2026-06-26,Valparaíso,Chile,Retail,Email Marketing
336,Gonzalo,Romero,gonzalo.romero336@mail.com,2024-12-29,Valparaíso,Chile,Retail,Facebook Ads
337,Antonella,Herrera,antonella.herrera337@mail.com,2026-01-08,São Paulo,Brasil,Retail,Referido
338,Isabella,Vega,isabella.vega338@mail.com,2025-03-11,Córdoba,Argentina,Retail,Instagram Ads
339,Sarah,Acosta,sarah.acosta339@mail.com,2025-10-15,Bogotá,Colombia,Retail,Orgánico/SEO
340,Paula,Martínez,paula.martinez340@mail.com,2025-07-18,Rosario,Argentina,Retail,Email Marketing
341,Facundo,Castro,facundo.castro341@mail.com,2026-06-21,Buenos Aires,Argentina,Retail,Influencers
342,John,Davis,john.davis342@mail.com,2025-01-10,Bogotá,Colombia,Mayorista,Referido
343,Sarah,Herrera,sarah.herrera343@mail.com,2025-12-13,Rio de Janeiro,Brasil,Retail,Facebook Ads
344,Valeria,López,valeria.lopez344@mail.com,2024-09-10,Córdoba,Argentina,Retail,Referido
345,Paula,Johnson,paula.johnson345@mail.com,2025-08-13,Buenos Aires,Argentina,Retail,Orgánico/SEO
346,Lucas,Silva,lucas.silva346@mail.com,2024-08-24,Asunción,Paraguay,Retail,Orgánico/SEO
347,Diego,Flores,,2026-04-03,Ciudad de México,México,Retail,Google Ads
348,Rodrigo,Smith,rodrigo.smith348@mail.com,2024-06-09,Buenos Aires,Argentina,Retail,Referido
349,Carla,Martínez,carla.martinez349@mail.com,2025-06-28,Montevideo,Uruguay,Retail,Referido
350,James,Aguirre,james.aguirre350@mail.com,2025-06-27,La Plata,Argentina,Retail,Referido
351,Camila,Miller,camila.miller351@mail.com,2026-02-15,Buenos Aires,Argentina,Retail,Influencers
352,Robert,Vega,robert.vega352@mail.com,2025-01-09,Miami,Estados Unidos,Retail,Google Ads
353,Victoria,Núñez,victoria.nunez353@mail.com,2024-10-22,Rio de Janeiro,Brasil,Retail,Orgánico/SEO
354,Milagros,Herrera,milagros.herrera354@mail.com,2026-04-06,Buenos Aires,Argentina,Retail,Instagram Ads
355,Catalina,López,catalina.lopez355@mail.com,2025-10-20,Montevideo,Uruguay,Retail,Instagram Ads
356,Rodrigo,González,rodrigo.gonzalez356@mail.com,2025-04-21,Lima,Perú,Retail,Referido
357,Florencia,Torres,,2024-08-14,Madrid,España,Retail,Google Ads
358,Amanda,López,amanda.lopez358@mail.com,2025-11-01,Bogotá,Colombia,Retail,Orgánico/SEO
359,María,Molina,maria.molina359@mail.com,2026-03-18,Rosario,ARGENTINA,Retail,Facebook Ads
360,Emily,Díaz,emily.diaz360@mail.com,2025-07-06,Rio de Janeiro,Brazil,Retail,Referido
361,Franco,Acosta,franco.acosta361@mail.com,2025-02-06,Córdoba,ARGENTINA,Retail,Influencers
362,Benjamín,González,benjamin.gonzalez362@mail.com,2026-05-20,La Plata,Argentina,Retail,Influencers
363,Daniela,Benítez,daniela.benitez363@mail.com,2025-06-16,Santiago,Chile,Retail,Referido
364,Bruno,Núñez,bruno.nunez364@mail.com,2025-11-19,Asunción,Paraguay,Retail,Orgánico/SEO
365,Facundo,Johnson,facundo.johnson365@mail.com,2025-06-04,Barcelona,España,Retail,Referido
366,Mia,García,mia.garcia366@mail.com,2025-01-20,Mendoza,Arg.,Retail,Google Ads
367,Agustín,Rojas,,2024-12-01,La Plata,Argentina,Mayorista,Referido
368,Pedro,Vega,pedro.vega368@mail.com,2025-04-26,Montevideo,Uruguay,Retail,Orgánico/SEO
369,Josefina,Silva,josefina.silva369@mail.com,2025-10-28,Mendoza,Argentina,Retail,Google Ads
370,Tomás,Martínez,tomas.martinez370@mail.com,2025-03-17,Miami,USA,Retail,Email Marketing
371,Catalina,Anderson,catalina.anderson371@mail.com,2026-06-28,São Paulo,Brasil,Retail,Influencers
372,Miguel,Ruiz,,2024-11-02,Montevideo,Uruguay,Retail,Influencers
373,Ana,González,ana.gonzalez373@mail.com,2024-06-02,Rio de Janeiro,Brazil,Retail,Influencers
374,Emiliano,Vega,emiliano.vega374@mail.com,2024-08-01,Madrid,España,Mayorista,Instagram Ads
375,Robert,Flores,robert.flores375@mail.com,2025-07-28,Barcelona,España,Retail,Email Marketing
376,Federico,García,federico.garcia376@mail.com,2024-10-15,Barcelona,España,Retail,Influencers
377,Franco,Romero,franco.romero377@mail.com,2025-03-26,Montevideo,Uruguay,Retail,Email Marketing
378,Sarah,Castro,sarah.castro378@mail.com,2025-09-07,Rio de Janeiro,Brasil,Retail,Google Ads
379,Martina,Díaz,martina.diaz379@mail.com,2024-11-16,Mendoza,Argentina,Retail,Email Marketing
380,Gael,Smith,gael.smith380@mail.com,2025-09-18,São Paulo,Brazil,Retail,Google Ads
381,María,Fernández,maria.fernandez381@mail.com,2025-05-02,Valparaíso,Chile,Retail,Orgánico/SEO
382,Juan,Aguirre,juan.aguirre382@mail.com,2024-11-26,Asunción,Paraguay,Retail,Influencers
383,Sebastián,Acosta,sebastian.acosta383@mail.com,2025-09-17,,Argentina,Retail,Referido
384,Julieta,Romero,julieta.romero384@mail.com,2025-07-16,Valparaíso,Chile,Retail,Orgánico/SEO
385,Robert,Martínez,robert.martinez385@mail.com,2024-08-06,Buenos Aires,Argentina,Retail,Orgánico/SEO
386,Sarah,Ortiz,sarah.ortiz386@mail.com,2024-07-14,Mendoza,Argentina,Mayorista,Google Ads
387,Tomás,Williams,tomas.williams387@mail.com,2025-06-27,Buenos Aires,Arg.,Retail,Instagram Ads
388,James,Díaz,james.diaz388@mail.com,2026-02-19,Córdoba,Argentina,Retail,Instagram Ads
389,Carla,López,carla.lopez389@mail.com,2025-03-14,Rosario,Argentina,Retail,Influencers
390,Ana,Davis,ana.davis390@mail.com,2025-06-27,Buenos Aires,Argentina,Retail,Email Marketing
391,Delfina,Medina,,2024-06-27,Santiago,chile,Retail,Instagram Ads
392,Rodrigo,Gómez,rodrigo.gomez392@mail.com,2024-11-11,Montevideo,Uruguay,Retail,Orgánico/SEO
393,John,López,john.lopez393@mail.com,2026-01-11,Montevideo,Uruguay,Retail,Referido
394,David,Torres,david.torres394@mail.com,2025-01-29,Santiago,Chile,Retail,Referido
395,Carlos,Gómez,carlos.gomez395@mail.com,2025-12-29,La Plata,Argentina,Mayorista,Referido
396,Diego,Torres,diego.torres396@mail.com,2024-07-09,,España,Retail,Instagram Ads
397,Carla,González,carla.gonzalez397@mail.com,2026-02-19,Rio de Janeiro,Brasil,Retail,Instagram Ads
398,Jessica,Castro,jessica.castro398@mail.com,2024-06-23,Córdoba,Argentina,Retail,Orgánico/SEO
399,Jessica,Silva,jessica.silva399@mail.com,2025-06-18,Rosario,ARGENTINA,Retail,Orgánico/SEO
400,Emma,Núñez,emma.nunez400@mail.com,2026-03-27,Madrid,España,Retail,Orgánico/SEO
401,Amanda,Gómez,amanda.gomez401@mail.com,2026-04-13,Montevideo,Uruguay,Retail,Instagram Ads
402,Catalina,Romero,catalina.romero402@mail.com,2026-06-17,Santiago,Chile,Retail,Orgánico/SEO
403,Josefina,Fernández,josefina.fernandez403@mail.com,2026-02-07,Santiago,Chile,Retail,Referido
404,Amanda,Williams,amanda.williams404@mail.com,2025-05-06,La Plata,Argentina,Retail,Instagram Ads
405,Lucas,Ortiz,lucas.ortiz405@mail.com,2024-06-12,Miami,Estados Unidos,Retail,Instagram Ads
406,Daniela,González,daniela.gonzalez406@mail.com,2025-07-01,Córdoba,Argentina,Retail,Influencers
407,Delfina,Gómez,delfina.gomez407@mail.com,2024-09-12,Bogotá,Colombia,Retail,Referido
408,Juan,Flores,,2025-09-06,,Chile,Retail,Referido
409,Camila,Ortiz,camila.ortiz409@mail.com,2025-06-20,Santiago,CHILE,Retail,Google Ads
410,Gonzalo,Brown,gonzalo.brown410@mail.com,2025-08-16,Buenos Aires,Argentina,Mayorista,Instagram Ads
411,Gael,Ruiz,gael.ruiz411@mail.com,2026-05-15,Ciudad de México,México,Retail,Orgánico/SEO
412,Santiago,Molina,santiago.molina412@mail.com,2024-11-05,Madrid,España,Retail,Google Ads
413,Laura,Brown,laura.brown413@mail.com,2024-09-08,Valparaíso,Chile,Retail,Instagram Ads
414,Benjamín,Aguirre,benjamin.aguirre414@mail.com,2025-09-26,Bogotá,Colombia,Retail,Orgánico/SEO
415,Delfina,Torres,delfina.torres415@mail.com,2025-06-26,Lima,Perú,Retail,Influencers
416,Mia,Flores,mia.flores416@mail.com,2025-12-30,Asunción,Paraguay,Retail,Referido
417,Laura,Gómez,laura.gomez417@mail.com,2026-01-25,Ciudad de México,México,Retail,Google Ads
418,Florencia,Brown,florencia.brown418@mail.com,2025-10-01,Montevideo,Uruguay,Retail,Influencers
419,Lucía,Anderson,lucia.anderson419@mail.com,2026-01-07,Barcelona,España,Retail,Facebook Ads
420,Paula,Torres,paula.torres420@mail.com,2025-01-03,Santiago,Chile,Retail,Instagram Ads
421,Renata,Díaz,renata.diaz421@mail.com,2025-04-24,Asunción,Paraguay,Retail,Referido
422,Tomás,Wilson,,2025-03-10,Rio de Janeiro,Brasil,Retail,Referido
423,John,Vega,john.vega423@mail.com,2025-07-30,Mendoza,Argentina,Retail,Facebook Ads
424,Amanda,García,amanda.garcia424@mail.com,2025-03-20,Mendoza,Argentina,Retail,Email Marketing
425,Josefina,Brown,josefina.brown425@mail.com,2024-11-24,Córdoba,Argentina,Retail,Instagram Ads
426,Tomás,Ortiz,tomas.ortiz426@mail.com,2024-07-21,,Uruguay,Retail,Email Marketing
427,Michael,Aguirre,michael.aguirre427@mail.com,2025-03-15,São Paulo,Brasil,Retail,Referido
428,Isabella,Aguirre,isabella.aguirre428@mail.com,2025-04-25,Miami,Estados Unidos,Retail,Influencers
429,Robert,Vega,robert.vega429@mail.com,2025-11-11,Madrid,España,Retail,Referido
430,Camila,Aguirre,camila.aguirre430@mail.com,2025-07-19,Barcelona,España,Retail,Referido
431,Joaquín,Ruiz,joaquin.ruiz431@mail.com,2024-07-30,Valparaíso,chile,Retail,Influencers
432,Michael,Johnson,michael.johnson432@mail.com,2025-07-12,Barcelona,España,Retail,Google Ads
433,Facundo,Smith,facundo.smith433@mail.com,2025-09-29,Santiago,CHILE,Retail,Email Marketing
434,Lucas,Herrera,lucas.herrera434@mail.com,2025-07-01,Buenos Aires,Argentina,Retail,Referido
435,Pedro,Flores,,2025-03-03,Valparaíso,Chile,Retail,Facebook Ads
436,Sofía,Brown,,2026-03-25,La Plata,Argentina,Retail,Referido
437,Diego,Medina,diego.medina437@mail.com,2025-06-21,Ciudad de México,México,Retail,Influencers
438,Michael,Molina,michael.molina438@mail.com,2024-06-08,Mendoza,Argentina,Retail,Orgánico/SEO
439,Milagros,Herrera,milagros.herrera439@mail.com,2026-05-02,São Paulo,brasil,Retail,Google Ads
440,Mia,Aguirre,mia.aguirre440@mail.com,2024-11-01,Valparaíso,Chile,Retail,Instagram Ads
441,Milagros,Molina,milagros.molina441@mail.com,2026-04-29,Rio de Janeiro,brasil,Retail,Google Ads
442,Tomás,Rojas,tomas.rojas442@mail.com,2026-01-19,Córdoba,Argentina,Retail,Facebook Ads
443,Juan,Davis,juan.davis443@mail.com,2026-04-19,Madrid,España,Retail,Email Marketing
444,James,Wilson,james.wilson444@mail.com,2025-03-28,Santiago,Chile,Retail,Instagram Ads
445,Robert,Torres,robert.torres445@mail.com,2026-04-02,Rio de Janeiro,Brasil,Retail,Email Marketing
446,James,Ortiz,james.ortiz446@mail.com,2025-02-22,Lima,Perú,Retail,Influencers
447,Jessica,Taylor,jessica.taylor447@mail.com,2025-09-27,Rosario,Argentina,Retail,Facebook Ads
448,Olivia,López,olivia.lopez448@mail.com,2024-10-19,La Plata,Argentina,Mayorista,Email Marketing
449,Ignacio,Díaz,ignacio.diaz449@mail.com,2026-06-03,Rio de Janeiro,Brazil,Retail,Google Ads
450,Santiago,González,santiago.gonzalez450@mail.com,2025-03-08,Miami,Estados Unidos,Retail,Referido
451,Valeria,Pérez,valeria.perez451@mail.com,2026-02-20,La Plata,Argentina,Retail,Influencers
452,Valentina,Davis,valentina.davis452@mail.com,2026-06-19,Valparaíso,Chile,Retail,Google Ads
453,Mateo,González,mateo.gonzalez453@mail.com,2025-01-18,Montevideo,Uruguay,Retail,Email Marketing
454,Lucía,Taylor,lucia.taylor454@mail.com,2024-11-19,São Paulo,Brasil,Retail,Google Ads
455,Milagros,Miller,milagros.miller455@mail.com,2025-08-19,Rio de Janeiro,Brasil,Retail,Instagram Ads
456,Renata,Álvarez,renata.alvarez456@mail.com,2024-06-20,Bogotá,Colombia,Retail,Orgánico/SEO
457,Mateo,Taylor,mateo.taylor457@mail.com,2024-11-21,Barcelona,España,Retail,Orgánico/SEO
458,James,Benítez,james.benitez458@mail.com,2026-01-30,Córdoba,argentina,Mayorista,Orgánico/SEO
459,Olivia,Smith,olivia.smith459@mail.com,2024-10-05,Bogotá,Colombia,Retail,Influencers
460,Juan,González,juan.gonzalez460@mail.com,2025-08-05,São Paulo,Brasil,Retail,Orgánico/SEO
461,Olivia,García,olivia.garcia461@mail.com,2026-06-07,Barcelona,España,Retail,Email Marketing
462,Renata,Ruiz,renata.ruiz462@mail.com,2025-11-18,Asunción,Paraguay,Mayorista,Email Marketing
463,Valentina,Wilson,valentina.wilson463@mail.com,2024-12-30,,España,Retail,Influencers
464,Laura,Pérez,laura.perez464@mail.com,2026-01-09,Mendoza,argentina,Retail,Instagram Ads
465,Ashley,Benítez,ashley.benitez465@mail.com,2025-09-11,Montevideo,Uruguay,Mayorista,Email Marketing
466,Michael,Torres,michael.torres466@mail.com,2025-03-25,Córdoba,argentina,Retail,Orgánico/SEO
467,Sofía,Romero,sofia.romero467@mail.com,2025-05-03,Santiago,Chile,Retail,Influencers
468,Agustín,Ortiz,agustin.ortiz468@mail.com,2024-09-25,Santiago,Chile,Retail,Influencers
469,Emily,Vega,emily.vega469@mail.com,2024-09-24,Santiago,chile,Retail,Orgánico/SEO
470,Robert,Taylor,robert.taylor470@mail.com,2026-01-04,Madrid,España,Retail,Instagram Ads
471,Gonzalo,Rodríguez,gonzalo.rodriguez471@mail.com,2025-10-08,La Plata,Argentina,Mayorista,Google Ads
472,Sofía,Miller,sofia.miller472@mail.com,2026-04-17,Montevideo,Uruguay,Retail,Facebook Ads
473,Martina,Núñez,martina.nunez473@mail.com,2025-10-07,Montevideo,Uruguay,Retail,Orgánico/SEO
474,Michael,Wilson,michael.wilson474@mail.com,2024-06-12,Córdoba,Argentina,Retail,Instagram Ads
475,Emma,Martínez,emma.martinez475@mail.com,2025-04-25,Madrid,España,Retail,Email Marketing
476,Pedro,Rojas,pedro.rojas476@mail.com,2025-01-27,Bogotá,Colombia,Retail,Influencers
477,David,Williams,david.williams477@mail.com,2025-04-20,,Estados Unidos,Retail,Influencers
478,Valentina,Wilson,valentina.wilson478@mail.com,2024-09-02,Buenos Aires,Argentina,Retail,Facebook Ads
479,Pedro,Johnson,pedro.johnson479@mail.com,2025-06-08,Rio de Janeiro,Brasil,Retail,Referido
480,Gonzalo,Brown,gonzalo.brown480@mail.com,2026-06-04,Lima,Perú,Retail,Google Ads
481,Bruno,Gómez,bruno.gomez481@mail.com,2025-12-13,São Paulo,Brasil,Retail,Orgánico/SEO
482,Michael,Vega,michael.vega482@mail.com,2025-02-16,Mendoza,ARGENTINA,Retail,Instagram Ads
483,Carlos,Ortiz,carlos.ortiz483@mail.com,2025-07-30,Mendoza,Argentina,Retail,Orgánico/SEO
484,Paula,Johnson,paula.johnson484@mail.com,2024-10-16,Barcelona,España,Mayorista,Google Ads
485,Amanda,Núñez,amanda.nunez485@mail.com,2025-11-03,Madrid,España,Retail,Instagram Ads
486,Michael,Romero,michael.romero486@mail.com,2025-07-02,Mendoza,Argentina,Retail,Facebook Ads
487,Milagros,Acosta,milagros.acosta487@mail.com,2025-07-13,Asunción,Paraguay,Mayorista,Email Marketing
488,Olivia,Jones,olivia.jones488@mail.com,2026-05-20,São Paulo,Brasil,Retail,Email Marketing
489,Renata,Ramírez,renata.ramirez489@mail.com,2026-05-05,São Paulo,Brasil,Retail,Orgánico/SEO
490,Joaquín,Jones,joaquin.jones490@mail.com,2026-05-29,Rio de Janeiro,Brasil,Retail,Email Marketing
491,Carlos,Vega,carlos.vega491@mail.com,2025-08-07,São Paulo,Brasil,Retail,Facebook Ads
492,Renata,Medina,renata.medina492@mail.com,2025-03-21,Santiago,CHILE,Retail,Instagram Ads
493,Valentina,Gómez,valentina.gomez493@mail.com,2024-09-13,Miami,Estados Unidos,Retail,Orgánico/SEO
494,Sebastián,Rojas,sebastian.rojas494@mail.com,2025-11-06,Montevideo,Uruguay,Retail,Referido
495,Santiago,Rojas,santiago.rojas495@mail.com,2025-08-01,Bogotá,Colombia,Mayorista,Orgánico/SEO
496,Sofía,Benítez,sofia.benitez496@mail.com,2026-02-26,Valparaíso,Chile,Retail,Referido
497,Carlos,Silva,carlos.silva497@mail.com,2026-06-13,Valparaíso,Chile,Mayorista,Email Marketing
498,Andrés,Jones,andres.jones498@mail.com,2025-06-22,Mendoza,Argentina,Retail,Email Marketing
499,Mia,González,,2025-09-21,Rio de Janeiro,Brasil,Retail,Instagram Ads
500,Miguel,Aguirre,miguel.aguirre500@mail.com,2026-01-08,Madrid,España,Retail,Google Ads
501,Julieta,Torres,julieta.torres501@mail.com,2024-08-09,Barcelona,España,Retail,Instagram Ads
502,Lucas,Gómez,lucas.gomez502@mail.com,2025-01-05,Montevideo,Uruguay,Retail,Email Marketing
503,Valeria,Miller,,2025-12-27,Madrid,España,Retail,Orgánico/SEO
504,Paula,Acosta,paula.acosta504@mail.com,2024-07-11,Montevideo,Uruguay,Retail,Email Marketing
505,Benjamín,Rojas,benjamin.rojas505@mail.com,2025-12-06,Asunción,Paraguay,Retail,Google Ads
506,Agustín,Jones,agustin.jones506@mail.com,2025-08-31,Barcelona,España,Retail,Email Marketing
507,Lucía,Pérez,lucia.perez507@mail.com,2024-11-19,,ARGENTINA,Mayorista,Referido
508,Jessica,Núñez,jessica.nunez508@mail.com,2024-12-28,Mendoza,Argentina,Retail,Orgánico/SEO
509,Michael,Martínez,,2024-06-25,La Plata,Argentina,Retail,Email Marketing
510,Sebastián,Martínez,sebastian.martinez510@mail.com,2025-02-20,Montevideo,Uruguay,Retail,Influencers
511,Mateo,Rojas,mateo.rojas511@mail.com,2025-11-30,Mendoza,Argentina,Retail,Orgánico/SEO
512,María,Martínez,maria.martinez512@mail.com,2025-10-28,Lima,Perú,Retail,Referido
513,Catalina,Smith,catalina.smith513@mail.com,2025-07-10,Bogotá,Colombia,Retail,Google Ads
514,Isabella,Molina,isabella.molina514@mail.com,2026-03-12,São Paulo,Brasil,Retail,Orgánico/SEO
515,Pedro,Silva,pedro.silva515@mail.com,2025-12-19,,Argentina,Retail,Instagram Ads
516,Florencia,Wilson,florencia.wilson516@mail.com,2025-04-09,Rosario,Argentina,Retail,Orgánico/SEO
517,Pedro,Jones,pedro.jones517@mail.com,2024-11-12,La Plata,argentina,Retail,Facebook Ads
518,David,Wilson,david.wilson518@mail.com,2026-03-23,Miami,EE.UU.,Retail,Email Marketing
519,Bruno,Gómez,bruno.gomez519@mail.com,2026-04-19,La Plata,Arg.,Retail,Google Ads
520,Paula,Ortiz,paula.ortiz520@mail.com,2026-05-12,São Paulo,Brasil,Retail,Facebook Ads
521,Emma,González,emma.gonzalez521@mail.com,2025-02-08,Rio de Janeiro,Brasil,Retail,Orgánico/SEO
522,Isabella,Ortiz,isabella.ortiz522@mail.com,2025-09-17,Madrid,España,Retail,Referido
523,Joaquín,Pérez,joaquin.perez523@mail.com,2024-10-22,Asunción,Paraguay,Retail,Instagram Ads
524,Camila,Martínez,camila.martinez524@mail.com,2025-11-02,Buenos Aires,Argentina,Retail,Referido
525,Robert,Fernández,robert.fernandez525@mail.com,2025-12-09,Asunción,Paraguay,Retail,Facebook Ads
526,Agustín,Molina,agustin.molina526@mail.com,2026-01-25,Montevideo,Uruguay,Retail,Email Marketing
527,Lucas,Molina,lucas.molina527@mail.com,2025-10-28,Lima,Perú,Retail,Instagram Ads
528,Gonzalo,Álvarez,gonzalo.alvarez528@mail.com,2024-10-22,Barcelona,España,Retail,Instagram Ads
529,Jessica,Díaz,jessica.diaz529@mail.com,2025-06-03,Madrid,España,Retail,Referido
530,Agustín,Flores,agustin.flores530@mail.com,2026-04-16,Córdoba,Argentina,Retail,Referido
531,Valentina,Fernández,valentina.fernandez531@mail.com,2024-09-14,Rio de Janeiro,Brasil,Retail,Facebook Ads
532,Federico,Davis,federico.davis532@mail.com,2025-06-21,Santiago,chile,Retail,Email Marketing
533,Delfina,Flores,delfina.flores533@mail.com,2025-07-21,Barcelona,España,Retail,Referido
534,James,González,james.gonzalez534@mail.com,2024-10-21,Barcelona,España,Retail,Instagram Ads
535,Gael,Díaz,gael.diaz535@mail.com,2024-11-09,Santiago,Chile,Retail,Orgánico/SEO
536,Bruno,Sánchez,bruno.sanchez536@mail.com,2026-04-23,Madrid,España,Retail,Instagram Ads
537,Olivia,Rodríguez,olivia.rodriguez537@mail.com,2024-07-15,Montevideo,Uruguay,Retail,Facebook Ads
538,Valentina,Anderson,valentina.anderson538@mail.com,2024-07-28,La Plata,Argentina,Retail,Instagram Ads
539,Ana,Rodríguez,ana.rodriguez539@mail.com,2024-08-27,São Paulo,brasil,Retail,Facebook Ads
540,Milagros,Díaz,milagros.diaz540@mail.com,2026-03-01,Santiago,Chile,Retail,Email Marketing
541,Milagros,Taylor,milagros.taylor541@mail.com,2025-01-22,Rosario,Argentina,Retail,Instagram Ads
542,Lucía,Vega,lucia.vega542@mail.com,2026-02-11,La Plata,Argentina,Retail,Influencers
543,Florencia,Jones,florencia.jones543@mail.com,2024-09-04,Mendoza,Arg.,Retail,Instagram Ads
544,Rodrigo,Vega,rodrigo.vega544@mail.com,2024-07-15,Lima,Perú,Retail,Influencers
545,John,Rojas,john.rojas545@mail.com,2026-01-25,Lima,Perú,Retail,Referido
546,Franco,Romero,franco.romero546@mail.com,2025-10-02,Asunción,Paraguay,Retail,Referido
547,Florencia,Vega,florencia.vega547@mail.com,2024-12-11,Asunción,Paraguay,Retail,Orgánico/SEO
548,Benjamín,Miller,benjamin.miller548@mail.com,2025-06-20,Buenos Aires,Arg.,Retail,Orgánico/SEO
549,Pedro,Taylor,pedro.taylor549@mail.com,2025-02-23,Asunción,Paraguay,Retail,Influencers
550,Juan,Molina,juan.molina550@mail.com,2025-07-29,Valparaíso,Chile,Retail,Facebook Ads
551,Mia,Aguirre,mia.aguirre551@mail.com,2026-05-24,Lima,Perú,Retail,Instagram Ads
552,Andrés,Flores,andres.flores552@mail.com,2026-05-18,Miami,Estados Unidos,Mayorista,Google Ads
553,Emma,Rojas,emma.rojas553@mail.com,2024-09-02,Buenos Aires,ARGENTINA,Retail,Influencers
554,Agustín,Pérez,agustin.perez554@mail.com,2026-06-12,Córdoba,Argentina,Retail,Influencers
555,Milagros,López,milagros.lopez555@mail.com,2026-03-18,Santiago,Chile,Retail,Google Ads
556,Catalina,Ruiz,catalina.ruiz556@mail.com,2026-02-04,Córdoba,ARGENTINA,Retail,Orgánico/SEO
557,Pedro,González,pedro.gonzalez557@mail.com,2024-08-28,Santiago,Chile,Mayorista,Referido
558,Renata,Miller,renata.miller558@mail.com,2026-06-25,Buenos Aires,Argentina,Retail,Google Ads
559,Federico,Gómez,federico.gomez559@mail.com,2025-03-11,Lima,Perú,Retail,Instagram Ads
560,Sofía,Benítez,sofia.benitez560@mail.com,2025-07-22,Santiago,Chile,Retail,Facebook Ads
561,Emily,Jones,emily.jones561@mail.com,2025-12-03,Asunción,Paraguay,Retail,Facebook Ads
562,Delfina,Anderson,delfina.anderson562@mail.com,2025-02-05,Madrid,España,Retail,Referido
563,Federico,Rodríguez,federico.rodriguez563@mail.com,2024-09-28,Madrid,España,Retail,Influencers
564,Juan,Flores,juan.flores564@mail.com,2025-07-28,Rio de Janeiro,brasil,Mayorista,Facebook Ads
565,Lucas,Molina,lucas.molina565@mail.com,2024-08-17,Rio de Janeiro,Brasil,Retail,Instagram Ads
566,Nicolás,Torres,nicolas.torres566@mail.com,2025-10-24,Valparaíso,Chile,Retail,Instagram Ads
567,Sarah,Acosta,sarah.acosta567@mail.com,2024-11-07,Lima,Perú,Retail,Google Ads
568,Laura,Williams,laura.williams568@mail.com,2025-12-07,Buenos Aires,Argentina,Mayorista,Referido
569,James,Anderson,james.anderson569@mail.com,2025-10-16,Asunción,Paraguay,Retail,Referido
570,Julieta,Anderson,julieta.anderson570@mail.com,2024-07-26,La Plata,Argentina,Retail,Influencers
571,Tomás,Torres,tomas.torres571@mail.com,2024-10-02,,Estados Unidos,Retail,Influencers
572,Delfina,Taylor,delfina.taylor572@mail.com,2025-04-30,Mendoza,Arg.,Retail,Referido
573,Gonzalo,Ortiz,gonzalo.ortiz573@mail.com,2024-12-06,Lima,Perú,Retail,Instagram Ads
574,Agustín,Molina,agustin.molina574@mail.com,2025-09-05,Asunción,Paraguay,Retail,Instagram Ads
575,Michael,García,michael.garcia575@mail.com,2025-01-28,Asunción,Paraguay,Retail,Referido
576,Andrés,Díaz,andres.diaz576@mail.com,2024-06-10,Madrid,España,Retail,Influencers
577,Ana,Miller,ana.miller577@mail.com,2025-10-12,Rio de Janeiro,Brasil,Retail,Facebook Ads
578,Santiago,Ramírez,santiago.ramirez578@mail.com,2025-10-01,Asunción,Paraguay,Retail,Google Ads
579,Agustín,Silva,agustin.silva579@mail.com,2025-05-19,Asunción,Paraguay,Retail,Google Ads
580,Milagros,Ruiz,milagros.ruiz580@mail.com,2025-03-19,Santiago,Chile,Retail,Orgánico/SEO
581,Lucas,Rojas,lucas.rojas581@mail.com,2025-09-18,São Paulo,Brasil,Retail,Instagram Ads
582,Olivia,Anderson,olivia.anderson582@mail.com,2024-08-13,Bogotá,Colombia,Retail,Email Marketing
583,Catalina,Medina,catalina.medina583@mail.com,2025-03-05,Bogotá,Colombia,Retail,Referido
584,Federico,Miller,,2025-07-29,Miami,Estados Unidos,Retail,Referido
585,Andrés,Pérez,andres.perez585@mail.com,2024-11-18,Valparaíso,Chile,Retail,Google Ads
586,Mateo,Molina,mateo.molina586@mail.com,2024-08-25,Barcelona,España,Retail,Facebook Ads
587,James,Rojas,james.rojas587@mail.com,2025-01-21,São Paulo,Brasil,Retail,Email Marketing
588,Emma,Rodríguez,emma.rodriguez588@mail.com,2026-04-11,Córdoba,Argentina,Retail,Email Marketing
589,Amanda,Medina,amanda.medina589@mail.com,2024-10-17,Miami,Estados Unidos,Mayorista,Orgánico/SEO
590,Andrés,Anderson,andres.anderson590@mail.com,2025-11-19,Ciudad de México,México,Retail,Facebook Ads
591,Emily,Pérez,emily.perez591@mail.com,2025-04-12,,Estados Unidos,Retail,Email Marketing
592,Valeria,Romero,valeria.romero592@mail.com,2025-03-21,Lima,Perú,Retail,Google Ads
593,Valeria,Brown,valeria.brown593@mail.com,2024-06-10,São Paulo,brasil,Retail,Referido
594,Renata,Vega,renata.vega594@mail.com,2025-07-10,Ciudad de México,México,Retail,Orgánico/SEO
595,Mia,Pérez,mia.perez595@mail.com,2026-03-03,Ciudad de México,México,Retail,Referido
596,Nicolás,Herrera,nicolas.herrera596@mail.com,2025-07-28,Asunción,Paraguay,Retail,Google Ads
597,Ana,Johnson,ana.johnson597@mail.com,2025-03-06,,Estados Unidos,Retail,Influencers
598,Joaquín,García,joaquin.garcia598@mail.com,2025-03-03,São Paulo,brasil,Retail,Influencers
599,Gael,Ortiz,gael.ortiz599@mail.com,2025-04-16,Ciudad de México,México,Retail,Influencers
600,Bruno,Pérez,bruno.perez600@mail.com,2024-07-28,La Plata,Argentina,Retail,Influencers
601,Amanda,Williams,amanda.williams404@mail.com,2026-05-17,La Plata,Argentina,Retail,Referido
602,Valeria,López,valeria.lopez13@mail.com,2025-02-08,Mendoza,Argentina,Retail,Facebook Ads
603,Ana,García,ana.garcia127@mail.com,2026-03-19,Córdoba,Argentina,Retail,Instagram Ads
604,Facundo,Pérez,facundo.perez261@mail.com,2026-04-30,Barcelona,España,Retail,Influencers
605,Camila,Ortiz,camila.ortiz409@mail.com,2026-06-03,Santiago,CHILE,Retail,Email Marketing
606,Gonzalo,Rodríguez,gonzalo.rodriguez471@mail.com,2026-03-22,La Plata,Argentina,Mayorista,Instagram Ads
607,Josefina,Davis,josefina.davis260@mail.com,2024-12-29,La Plata,Argentina,Retail,Orgánico/SEO
608,Valeria,Martínez,valeria.martinez36@mail.com,2026-06-21,Buenos Aires,Argentina,Retail,Facebook Ads
609,Mateo,Torres,mateo.torres208@mail.com,2025-12-14,Madrid,España,Retail,Email Marketing
610,Renata,Ramírez,renata.ramirez489@mail.com,2026-06-04,São Paulo,Brasil,Retail,Orgánico/SEO
